,tool_label,familiarity,role,socs,years,likert-apt-0,likert-apt-1,likert-apt-2,likert-apt-3,likert-apt-4,likert-apt-5,likert-apt-6,likert-collaboration-0,likert-collaboration-1,likert-collaboration-2,likert-collaboration-3,likert-info-quality-0,likert-info-quality-1,likert-info-quality-2,likert-info-quality-3,likert-info-quality-4,likert-info-quality-5,likert-interface-quality-0,likert-interface-quality-1,likert-interface-quality-2,likert-interface-quality-3,likert-recurring-tasks-0,likert-recurring-tasks-1,likert-recurring-tasks-2,likert-recurring-tasks-3,likert-training-1,likert-training-2,likert-usability-0,likert-usability-1,likert-usability-2,likert-usability-3,likert-usability-4,sentiment-0,sentiment-1,sentiment-10,sentiment-11,sentiment-12,sentiment-13,sentiment-14,sentiment-15,sentiment-16,sentiment-17,sentiment-18,sentiment-19,sentiment-2,sentiment-3,sentiment-4,sentiment-5,sentiment-6,sentiment-7,sentiment-8,sentiment-9,swaps-iprep-0,swaps-malware-0,swaps-malware-1,swaps-malware-2,swaps-malware_analysis-0,swaps-nids-0,swaps-nids-1,swaps-xsoc-0,ticket-iprep,ticket-malware1,ticket-malware2,ticket-nids1,ticket-nids2,ticket-nids3,ticket-nids4,time-iprep-0,time-malware-0,time-malware-1,time-malware-2,time-malware_analysis-0,time-nids-0,time-nids-1,time-xsoc-0
0,0,1,1,1,0,,,,,,,,,,,,,0.6950850587923045,,0.5425667457377025,0.2609722195385637,0.4048268437422313,0.7471254602296437,0.7005843593401684,0.262364357279392,0.2898783498607487,0.3832791015563072,0.5426499556978929,0.840251500203423,0.9423925609523123,,,0.6612496312632161,0.6684398993255501,0.5852704105082798,0.4396848337771845,0.4345510435401223,,0.0,,,0.25539910641589136,0.35519969535394147,0.6685038542828876,,,,0.046027771373961496,0.26723801521449153,,,,,,,,,0.5648830219224065,0.8234569508458016,0.5114297085191293,0.5320700093079949,,0.16507327513794184,,,1.0,1.0,0.9170691360475594,,0.15227589625689986,,,0.5441237096593446,0.8125192580187586,0.4590493297565744,0.9619680465990382,,0.6503073173891446,,
1,1,1,1,1,0,,0.0,0.6992274348346211,,,0.9983791093879262,0.6509606688897527,0.36619530132583283,0.11575603162197051,0.42128078613193004,0.1300697926130919,0.7442919667699411,0.3897489429232046,0.4421431949846809,0.8101649934081043,0.9190267021786875,0.5008808332752976,0.7813949588928304,0.9625483897990841,0.48603166115508756,0.6341893347520943,0.610952847974588,0.8305009933172186,0.858929785749021,1.0,0.7012982836811195,0.6706861788519567,0.9174845366662888,0.6857805280870657,0.4853882713746993,0.20337018939291385,0.46978105962287886,,0.34001969036511515,0.034705947489446054,0.4841155723027132,0.24303074005851122,0.6214193139359444,0.5471606338930725,0.060745164746513286,0.6986058770243603,0.0,,,0.8988153601927171,0.45998907927996224,0.8147015602909305,0.7530058927128158,0.029374114757154624,0.62461630617297,,,0.20827458269968754,0.5671838734562071,,,0.3275822352676127,0.4799388187293692,0.5018844784399348,0.12997599232674678,0.6646169951383724,0.5032093976512079,0.8217832863709713,,0.5570469053750382,,,0.3646760854954127,0.6761877916124096,,,0.6694320144536543,0.6797299578142078,0.796626181791903,0.0
2,1,1,1,1,0,0.14460973912836178,0.3846400410665043,0.6227006038055712,0.5032235782383928,0.4565392879478472,0.630449079089658,0.4550432044927225,0.46621521939755683,0.2875612730318949,0.41267927419509676,0.41032776604762206,,0.7177473019623507,0.36423075949708733,0.5533713500409951,0.7518082693900443,0.2558178997138137,0.823770434028641,0.5551875040025985,0.36827526070757405,0.3919995862302656,0.21119900069492653,0.6736946772832146,0.40679778845539794,0.9638959965800644,0.8253414198933458,0.7217155015554333,0.41985585598155145,0.4432322765192177,0.3979474618491352,0.07130179653421365,0.47750288512012934,,0.359476732458225,0.3410028243055055,0.6920498503132906,0.5169923162989256,,0.6066810826634343,0.3793741236029319,0.5816817920371488,0.4133382370615888,,,0.733242747405275,0.04126366783242668,0.7995859182590889,0.9471459895298215,0.32828986997350196,0.11016605983956358,0.5614357538154321,0.845141151433279,0.5532283911299829,0.4076128628458992,0.20050082652305737,,0.24171897709661283,0.0,0.36269665959587316,0.0796241465669035,0.08157713168950836,0.0,0.0,,0.29525037960084555,0.03995688416211801,,0.13051497649213673,0.3855790175346142,0.27804999107986433,,0.48833056832597493,0.10899089358112107,0.24183068117194867,0.9432930849403709
3,0,1,0,0,1,,,,,,,,,,,,,0.7869809139833039,0.45593471271782166,0.5963348354944416,0.6791890700069119,0.19114751311839973,0.5064279479072581,0.4151130754606369,0.22064968016456754,0.13467894778632317,0.4895379186091496,0.7527873847070703,0.4430152804177546,0.3912032161753301,,,0.23773564339869224,0.631545888071106,0.4503894085414156,0.4131305473466495,0.20645022367947868,0.2829932881667193,0.19561695657056666,,,0.4057519935179567,0.5423301341837137,0.1049035919604539,,,,0.44371155402485657,0.6457777785392345,,,,,,,,,0.5310508029511246,0.6791851600254003,0.6582230742013726,,0.4841567103498166,0.6569899137252345,,,0.9958261145030307,0.9149179118001789,1.0,,1.0,,,0.41039278084852393,0.8806736975693796,0.25955014921815,,0.58775956838906,0.36145694643404847,,
4,1,1,0,0,1,,0.6804754227931219,1.0,,,0.12922271443822286,0.3591312200335015,0.8309346753224515,0.7576802073558937,0.900142965958493,0.7759661436156102,0.0008042427852618383,0.918179385617479,0.7974708674412636,,0.6457239567747836,0.6979582426605911,0.9540082827014582,0.8974992732538705,0.7580341317465011,0.4314566989648229,0.43908808140412225,0.4029902922544426,0.18730716580431414,0.9076039608576959,0.715735290154264,0.4832380883610288,0.36948902674802575,0.9243918222115732,0.8224530981560472,0.43209273195839765,0.2719961328173375,0.8928765510127548,,0.8928493657887173,0.23221397587742634,0.5471081067653274,,0.25416104313816434,0.5369397797521012,0.516032053900616,0.4718523774904266,,,0.661041014252249,0.25835549256382917,0.873904268922866,0.2217472430360894,0.8845566278835001,0.34199287347772184,0.36476777687142237,0.2556378120609185,0.2939149043388537,0.409156214513902,0.3314276142299221,,0.44897281919866283,0.1844869621776934,0.11888469216896787,,0.002985691243230039,0.279984608652405,0.7297681469799862,0.5360216782134768,,,,0.22200418337535674,0.5634904625818403,0.2722476800180865,,0.5588222286339911,0.16224986791380516,0.028178726328351278,
5,0,1,1,0,1,,,,,,,,,,,,,0.5323606060464675,0.1796396384849085,0.3844221133691458,0.6659317458222965,0.7041761735754435,0.7466886280423145,0.5090010652124448,0.6019717420059735,0.4650927062752366,0.679585651351629,0.521294098077123,0.11728714318143356,1.0,,,0.0,0.3705946354070901,0.3525911480107769,0.5090156087090966,0.30671176131117284,,0.448034933145561,,,0.895107327333038,0.6207993018736535,0.8603503019964452,,,,0.7701196059881532,0.4926228681380063,,,,,,,,,0.2869409383975225,0.5594059559706179,0.44428130404091876,,0.6953069183701182,0.7491614935071428,,,1.0,0.6487566940535789,0.7820663890236613,,0.9324421963368595,,,0.0,0.8040221460099425,0.09741587222639919,,0.6619199533855199,0.7523424702957546,,
6,1,1,1,0,1,,0.23923884912734675,0.353575675230276,0.4580034079611384,0.02918156671303923,0.6977380401635784,0.33130058523024336,0.3862242373222324,0.07419236807242652,0.5893216976833691,0.3670761570880141,,0.49168515593797657,0.6150901235126871,0.5763847422226013,1.0,0.3709920107838238,0.8134111805830108,0.5844817419656301,0.6599483309727606,0.4421690567933612,0.23171078678356516,0.6646461418431839,0.7777811413172049,0.8264882863874685,0.6225810634564855,0.39074927770270373,0.4521631059754791,0.2789369770772348,0.8873637709883284,0.7755887515499185,0.6048747178817353,,0.32846063544202264,0.06378514548363362,0.4245622256017162,0.462111074777506,0.7419562048709627,0.4000868687805803,0.5403713990955084,0.7257127439871174,0.6740534453680515,,,0.6779968812616768,0.0,0.6771603705902236,0.8147259084613562,0.028873821335853856,0.44167438074088167,0.2117883409153358,0.22802736533831766,0.07991810395185162,0.42229097845067254,0.1070534913604883,,0.09405252016532646,0.15691843652361306,0.0822005146768706,0.16538846951208364,0.0882675475578322,0.5828187831549174,0.8121383072645476,0.8458017306900608,0.7438361172848094,,,0.017337974793980554,0.0,0.18484779046299799,,0.0,0.5933138479889895,0.36745984917361707,0.0
7,1,1,1,0,1,0.5001734506675828,0.284931151744234,0.8065294509678891,0.5039153570699124,0.42601197477335734,0.6300305366453063,0.7686295114367545,0.6842746609332799,0.5806888106904599,0.5442713979038845,0.5173579192050418,,0.8152903954198244,0.74625818392294,0.6633113221149616,0.894943076802753,0.6011071834901549,0.7978646008970129,0.8030727063543484,0.456923456354319,0.3155502798884213,0.7371752131068517,0.693869072618309,0.5418562650437051,0.7814008395292622,0.5201245521952013,0.7509302162123126,0.49512763446081587,0.994049880779389,0.9198679552613973,0.5997992039880766,0.8118750820426774,,0.5167546256798446,0.3636426944920956,0.4532045262073605,0.7346351701335733,0.7465400438722672,0.6700321710255112,0.2837240351613276,0.07763614926162477,0.7265800220562195,,,0.7479700036312249,0.09371634934800387,0.8426648093472839,0.5458873233502395,0.3653036216372263,0.36513177368888544,0.5480032417553674,0.3809848414803835,0.5933935191720386,0.20748330206403634,0.09424688957853904,,0.21777388500725528,0.17606193925197283,0.06183393461577963,0.19686379508311014,0.828651554144663,0.06835971145714247,0.1821911987404706,,0.4377297374443092,0.49605158905019126,,0.44806586409517757,0.3622085016833374,0.16866260689545565,,0.0909211463966563,0.24352981497977794,0.06374210210602756,0.0
8,0,0,1,0,0,,,,,,,,,,,,,0.5312605207747721,0.21945420672500424,0.07761657962029878,0.2861632549630046,0.5662369650782548,0.893816494889887,0.5966192892082575,0.34318302949967777,0.0,0.6650159969818599,0.7355668448394663,0.7258454559501971,0.24815945639630976,,,0.4687835268887228,0.4243799297041977,0.548766256442869,0.19693295309179482,0.29539987089213043,,0.48295842426702507,,,0.3558820090409541,0.8395325253960714,0.28916317242653966,,,,0.1250964870523596,0.665349669343037,,,,,,,,,0.9444243420605671,0.0,0.23456704783681248,,0.27345424344197844,0.0,,,1.0,1.0,0.9749463528670474,,1.0,,,1.0,0.7093922771127197,0.47827160923688833,,0.7877889407619896,0.9290771712600437,,
9,1,0,1,0,0,,0.16375955565212075,,,,1.0,0.8660066350526242,0.9500940442684236,0.7876478526910557,,,,,,0.634242003371223,0.9003795789956992,0.8063248272595319,0.912533788075497,0.9851773226492142,,0.5162513486688789,,0.09092851867338325,0.46118899440179084,1.0,0.21876636185048437,0.0955182327482426,0.2791020554442786,0.7032211307294572,0.28514143959136323,0.3703448436734035,0.3029411134743616,0.2207081943208264,0.24986586877679887,0.4139096526050297,,0.7204917542122885,,,,0.6106931390394317,,,,0.0,,0.8950189962597386,,,,,,0.2423212043884343,0.02573653115354721,0.14437027492240878,,,0.38254089446935746,0.06260543926285378,,1.0,0.779797478112352,0.7350725900633291,1.0,,,0.32167154725775643,0.34865416403804417,0.04202948495261204,0.10639919576768096,,,0.02161915812399473,0.7062474939907831,
10,0,1,1,1,1,,,,,,,,,,,,,0.816194144705531,0.8217985929192893,0.4517608080125749,0.5599006723926537,0.7132331551847618,0.6966291817184559,0.687056550273995,0.40070080836958416,0.4002031250869537,0.8420545868446192,0.7147825958777729,0.33534610144829125,0.7634721993601241,,,0.5461961749366738,0.8347299715705746,0.7809724974782595,0.5486878439543789,0.3565564362337451,0.24723781773319664,0.2912084806292316,,,0.4516815454953163,0.39359006576576744,0.0,,,,0.9688175451244451,0.0,,,,,,,,,0.10671972183001317,0.1085633332405947,0.15976965647696545,,0.16095927358606701,0.14525151200517597,,,0.9435951930385669,0.9763570341791733,0.9971894827815349,,0.9060643964246199,,,0.10377147829006445,0.0639987724600029,0.27141686697724654,,0.5444102926109344,0.9389454708879024,,
11,1,1,1,1,1,0.35329731054133445,0.25495966088105393,0.25623941200159955,0.46413495815010564,0.8807693518745519,0.563844726980547,0.3032618499640465,0.5644459583988481,0.5066703947522639,0.042290584320707106,0.13955881162485612,,0.8219357639902375,0.7487112637889146,0.46753413789781384,0.0454738177572242,0.13133473854049837,0.4767638439482407,0.5470963931957158,0.4474008959618865,0.311929611609445,0.8262999670400355,0.2877423217323508,0.0,0.4914116283693063,0.6299079783174046,0.44625002792354074,0.03491561687156952,0.5435689697423817,0.7190991289579551,0.37836068829985736,0.522669711239261,,0.3191636768348027,0.44305680887799115,0.0,0.40654501799154724,0.3248096106615398,0.697844452640169,0.6222370655119198,0.3681057625085474,,,,0.6412986355363447,0.04101255709189083,0.4124351673897133,0.16814203365829933,0.4793728910734796,0.47189412920477913,0.6674157447261988,0.9630692516719275,,,,,,,,,,,,,,,,,,,,,,,
12,1,1,1,1,1,0.12395663304487359,0.35420831113771134,0.4909219209157979,0.2213541570837027,0.29281471892743416,0.27662631994889303,0.7073446635163942,0.0,0.2237187465940536,0.1772366185235006,0.0,0.7177038312517819,0.756571632760014,0.8568688783815863,0.3966540552364783,0.6464799632605941,0.5459591509371753,0.6522244666037731,0.5195330046552995,0.21316232343320055,0.11257496573493668,0.3305123524480391,0.2685944210235031,0.17780029407483072,0.9123815462555398,0.3807336328620773,0.3596671585921697,0.6372486207870394,0.961244527987887,0.6192381240766791,0.595854105729801,0.5792512066381962,,0.2016666882620884,0.36774838143820204,0.24861868866309547,0.11635527015450786,0.7349474254582787,0.30028319688108474,0.44905669987399194,0.8283890544969116,,,,0.6643755000509596,0.24531453384009663,0.8003137258934822,0.03661198109776446,0.7298977361348293,0.45654082657978934,0.6371801479345829,0.4587089619020662,,,,,,,,,,,,,,,,,,,,,,,
13,1,1,1,1,1,0.37457300683205075,0.2273786830913514,0.21407217882610546,0.757506893362085,0.0,0.4408471110125432,0.7311412148123289,0.37803737537484694,0.6192664963299235,0.520853854082795,0.5161302364405106,0.4878917643784813,0.7478588335804218,0.567002431668081,0.4068864957270776,0.6141717169467246,0.07330190230240186,0.4337605583413202,0.5830355196344501,0.0,0.11807494864600623,0.40742286229154767,0.2716280617469627,0.6039072021327048,0.8755936428171867,0.45811207973088164,0.5995999072258205,0.048234284871807864,0.369872770244141,0.3806540699600197,0.37922651398923407,0.15906609440165428,,0.18298852129378212,0.2164213899788178,0.23485918664300254,0.6499306175756621,0.34471843652925305,0.0,0.31554043218776473,0.25854002672378507,0.3160780529453373,,,0.3026713388278747,0.1804200639679985,0.4920719024602076,0.4140663631450838,0.39791788337954803,0.27744220431563055,0.6057552630240148,0.3283823170246072,0.6344793298063641,0.5383066779202452,0.6331893006325713,,0.2945278673658145,0.3873069069811085,0.7432235564163111,0.22881967978885598,1.0,0.576673309310384,1.0,0.4660411103783489,0.7245780034538054,,,0.318084224146205,0.42793816745294677,0.49175599329188563,,0.3698137070279517,0.7635173782696154,0.23394820056679372,0.34902361585190506
14,1,1,1,1,1,0.400538050144849,0.5173417264081632,0.5816159782043815,0.6365412672117441,0.38971182913102126,0.6087783634913175,0.2912502730366851,0.379762514913769,0.41012513911120163,0.46509919579709735,0.3318179145724329,,0.6784993259309887,0.3308568861800548,0.4235837054445634,0.532643154084956,0.49390302040428413,0.6412639331426024,0.7765587666257925,0.6771024706494773,0.25456229260175345,0.7846033615463441,1.0,0.640293965971931,0.7150441305238424,0.7039970434284044,0.45620372529203246,0.16293416557275683,0.3647572736146885,0.5835353790734752,0.9548537282017102,0.1728130822469692,,0.07744893808600259,0.5706140710148798,0.5222105502174954,0.4109679362507926,0.596569397363401,0.1776246861507058,0.5191043172198639,0.5906223219056728,,,,0.2866485520596343,0.3900598246774007,0.7299031769209388,0.0,0.745642112644724,0.0,1.0,0.4762588588285199,,,,,,,,,,,,,,,,,,,,,,,
15,1,1,1,1,1,0.9202905500606313,0.9207612949269339,0.8587220806209854,0.8512650696812527,0.3518279869521507,0.6220818169732101,0.669711357663951,0.3051214978722807,0.6271800220162552,0.40866549269267305,0.41305104920819297,,0.4607918317747085,0.620092549770994,0.6372054292230276,0.7203419050963318,0.5870951337232801,0.6275404881066029,0.7285374979944809,0.5942655915729832,0.6397311434068825,1.0,0.5613625666434964,0.6057760443592811,0.6494602751865552,0.5821695172639307,0.27522963032129133,0.5139812277557432,0.6881217395410939,0.936071415630319,0.3895578576772896,0.7785823543920193,,0.4976690113166411,0.5246276873458204,0.8221531284244816,0.7598590948861677,0.3397531473560506,0.5010765715625141,0.5825504670481101,0.6582221133509103,,,,0.5792356717055348,0.26628705029501326,0.593020031732734,0.7213115092608037,0.7862081092973531,0.3309048485475999,0.7481608744730184,0.2704767806385669,,,,,,,,,0.0,,,,,,,,,,,,,,
16,1,1,1,1,0,0.6971403122882603,0.8137680088375109,0.6094946819620543,0.5413195516444034,0.5374660733401195,0.7569101523651928,0.7528766904561638,0.8062751278001528,1.0,0.6532066239276076,0.9566163324752476,,0.717712520334126,0.5125106979026866,0.7696169480181427,0.884167456612573,0.7163621275144204,0.9885847491851347,0.8746008562430453,0.7681878005696984,0.8188807127810375,0.820496560133717,0.9196704387420145,0.6795429298798991,0.9099477134096369,1.0,0.9840184114117765,0.9743210733410168,0.875504200339185,0.8677308855829144,0.6847217510796944,0.695439798022194,,0.1272842201013822,0.41576602773284066,0.0014540596412770945,0.7423146266527215,0.6019986691025053,0.4006839916819839,0.8994784867897774,0.8815947870893519,,,,0.7820643924464615,,0.6980608407921646,0.5631843920596272,0.31319399224043637,1.0,0.8096212675895504,0.13292731447948758,,,,,,,,,,,,,,,,,,,,,,,
17,0,0,0,0,0,,,,,,,,,,,,0.0,1.0,0.5198224971369089,0.7633761549324946,0.7360571107307223,0.5620010519287505,0.4986159625111168,0.45948908082338735,0.529834895588742,0.2123525913765751,0.41016986474087985,0.3742841132967357,0.21942134715640224,0.7362806580992632,,,0.28749290099460967,0.459546825859393,0.4228533907435289,0.23906856835277765,0.8473647170591376,,0.23020212749857039,,,,,,,,,0.3741236863450578,0.310651566948818,,,,,,,,,0.1401934658609401,0.1633534540880078,0.05977613252708511,,0.17551622277984727,0.19359912360480744,0.11315418121233657,,1.0,1.0,0.9221423636478719,,1.0,,,0.3262894520697676,0.4411160037450169,0.13209985252998097,,0.8270328140954318,0.1431965887171512,0.7971490478452581,
18,1,0,0,0,0,,0.5737919981296662,0.19084708969012198,,0.9296276374757412,0.25879941102479975,0.25733486426987745,1.0,0.8298757592129616,0.8908748956866668,0.5048439132038897,0.35386318623463764,0.4023708576338483,0.6422000125521203,0.7104650036035515,0.45346372761686854,0.4981372232169795,0.724673395434851,0.6117382696156339,0.5294128533404455,0.0,0.6207077017306398,0.2706218451431471,0.0,0.9832311275576773,0.6394263263735217,0.30175240439745066,0.831800534585269,0.6551143199297745,0.8783365286838986,0.9049580227695164,0.38374350370360033,,0.37001508564996455,0.7212671684621477,0.17236125931719434,0.41899296825220117,0.3521492404431429,0.38621578845368126,0.6797393412442174,0.7010689066043531,0.4632617655583167,,,0.5218731234022392,0.41278999097503416,0.6774122187965917,0.332836121571992,0.3325920558596971,0.4591102684698585,0.48249148475979614,0.3967420389714822,0.2717932483395005,0.15323760240341444,0.4894515489015423,,,0.31939233745974605,0.2081925759546283,0.061063153992818836,,0.7796808100921055,0.9282947115070147,0.5718477461172008,,,0.88210857274452,0.5213478627344199,0.2898014714426951,0.3482110476915687,,,0.39412628851337494,0.16023249011595828,0.2898758534918494
19,1,0,0,0,0,,,,,,,,0.5470383287213377,0.715692352605049,0.8061139180164083,0.7185549364042363,,0.041630207772496375,0.8290481904223526,0.5920358336857714,0.6626323697686305,0.35387261862861447,0.6948927926117132,0.667469558161326,0.14935501312235744,0.17443217267293273,0.2912543151693675,0.6110020400275107,0.674261507083791,0.7062973345418448,0.4943828160494542,0.5764312113474058,0.6416482642106482,0.6854707277600972,0.6170847153407499,0.7384840093007669,0.6261030480476917,,0.5765458256436009,0.5810272662208625,0.47197044197197857,0.45541177704133656,0.6366266371838918,0.02664934245458573,0.5235144585358619,0.5909679953446263,0.32950850404209514,,,0.6770437431238396,0.12966335905231316,0.9838352279285413,0.7953016460554685,0.42573924792074735,0.38370599212575335,0.49504378412691735,0.545281724774721,0.6579107141777882,1.0,0.42489927276420225,,0.46417917995739333,0.37737000412282407,1.0,0.8455638587727294,0.8672482619375623,0.5116561228780472,0.9144760381148984,0.0,0.7267545466271511,,,0.37799964166358124,0.5247138046944538,0.22400918178736062,,0.20503211868796317,0.5256099352613598,0.801672162198213,1.0
20,1,0,0,0,0,,0.874191187439729,0.8989449580995826,,0.5456819999826376,0.5515067928716235,0.6270106499839555,0.6103489898281431,0.9762368983967389,0.33080477478061965,0.9572738833883421,0.41169061217065606,0.37331548586314156,0.40525094581108534,0.4748037984463121,0.6656128109906959,0.5171096197917168,0.947781005675559,0.8833537658670783,0.46348696346734325,0.5255592840784077,0.608611543423841,0.25246233636818227,0.44356032860470185,0.8627662359642473,0.3656997825519572,0.0,0.6208001719956853,0.9887736040587345,0.5592151187376082,0.443567033519888,0.2545770523414386,0.5309190388454444,0.6000933538663072,1.0,,0.9145257294717833,,0.0,0.6481937290915558,0.4294594687382432,,,,0.7165456662059881,0.34191733978591,0.9379216167862212,0.4741664394029165,0.5171657605075838,0.5284584955694716,0.3086437369350325,,0.6800925438989345,0.6047320459731177,0.5786383128497858,,0.5149531781413188,0.08746567016013468,0.28305272101721035,0.24867529874365107,,0.3325802195411565,0.6413361893634208,,0.640580108688267,0.1870196332615458,,0.24640154740603923,0.48486786999130294,0.2957080881465364,,0.6830527508068782,0.3420040460744528,0.2502829381016084,0.7786497928000493
21,0,0,0,0,0,,,,,,,,,,,,0.6294669953099445,0.9792798149503927,0.821471219288755,0.6451690326450539,0.6911563136775228,0.7101677872128878,0.7247735681528333,0.7709592610457873,0.08097533191427744,0.0004828589512516912,,,,,,,0.4629527271603022,0.4371873334849154,0.8002856292448257,0.5971411299919898,0.373534795570939,0.2329430792357092,,,,0.7260271908976166,0.2684627096032699,0.41843502181126846,,,,,,,,,,,,,,0.2972772067215181,0.31183474243412085,0.08266869869604625,,0.20737811896558972,0.07251080238399209,,,,,,,,,,0.3441932982752126,0.7876936119992572,0.0,,0.8293982631246115,0.8390098341237701,,
22,1,0,0,0,0,0.6636628737741521,0.4696554977229128,0.4349403242916732,0.7183674215330349,,0.6233093671305726,0.5699773158867898,0.31916241996433686,0.5171173366853026,1.0,0.6486463274667843,0.24950079512705586,0.8280448540631061,0.12401546906939362,0.5666130988754047,0.6591683799199428,0.39050426985182785,0.6266095842313124,0.6138293746314052,0.6556119801784457,0.6090529986551585,0.5641044977061842,0.16111802144090992,0.6327830802918768,0.7947036212319634,0.6889230539974959,0.4369794361471256,1.0,0.10223152499729612,0.4338604111303157,0.5786782208331415,0.43562783632355395,,0.33030754624452824,0.27917562229349896,0.4475301680796443,0.57893009698612,0.756327872726739,0.6545578751107192,0.4476961298948312,1.0,0.3055259596372796,,,0.7127947669240466,0.12754622020852915,0.8448808312037969,0.3821179022556136,0.4199870518113682,0.41414389673994645,0.5574711302296933,0.4613127925034592,0.07757333566775186,0.22871352623085503,0.25858135030791185,,,0.3979633302222349,0.0,0.07309981760539525,1.0,0.6714268820338557,0.9917239197152773,0.9128298632608104,1.0,,,0.20644641704666158,0.6300965691955902,0.29023051845679554,,,0.29349357918027874,0.029368882171175524,0.24281298356259046
23,1,0,0,0,0,0.3071131777178402,0.559858590041871,0.6054997025524543,0.5608883643304508,,,,0.6361972106649106,0.49316892818999764,,0.4678566549924903,,,0.4161907807056399,0.7191366111306429,0.5911410817600693,0.36395928127213534,0.4355977832830311,,,,0.7898138952346192,0.5084500842293126,0.4606559246289234,0.6662781987800974,0.8966462611357608,0.474303025428658,0.7431733665795486,0.7032874704324436,0.7192189706863923,0.48313088507654356,0.500726621930817,,,,,,,,,,,,,,,,,,,,,0.09503708052976748,0.28168833008837346,0.29666748845201124,,0.010420017928308503,0.42539678241819096,0.2823593842829857,0.05177800961296339,0.15530839608849073,0.6790958683942386,0.9014062996999539,,0.35712530101455264,0.5609406843969377,,0.2588621029909935,0.636626846628568,0.0,,0.0,0.3554159377386301,0.5233677579789959,0.44167012397257216
24,1,0,0,0,0,,0.25022369922284055,0.4218544500843954,0.15804662399334066,0.13195159527032432,0.2056757310316766,0.23404790866280875,0.009607555946245155,0.0644414058674422,0.0,0.0,,0.8883308034592015,0.21003058857585574,0.22504881003370453,0.3379932424754813,0.707676579500233,0.6389110218317994,1.0,0.0,0.24132079454226696,0.15696805145768444,0.06902134631454736,0.0,0.4884691590435052,0.8707602689709885,0.6500797962582884,0.42982886640617507,0.9420370238364368,0.11716332460318366,0.6850475599958132,1.0,0.28237128944677137,0.390110365722834,0.42071476331360724,0.30236662416481896,0.4998337124336017,0.34989852355531115,0.24619679760893617,0.02567597505743555,0.5472846005680776,0.6256425685060918,,,0.763821028496405,0.3736778180229678,0.5146163367480683,0.26408176248622334,0.4747961683359374,0.19332817358304188,0.4126445372623986,0.7736856733983914,,,,,,,,,0.8269715152627625,1.0,1.0,1.0,,,,,,,,,,,
25,1,0,0,0,0,,,,,,,,0.24836640632555212,0.07367346069820241,0.0,0.3358128071848264,0.15884895140366295,,0.8811834562492478,0.33010335949776576,0.1809220775742875,0.3788782503514788,0.8691182119343417,0.6232952872825195,0.30663212977911447,0.0,0.0,0.15092864376949924,0.28747474298204967,0.14521327160532668,0.5592059233844767,0.3425033049761555,0.0,1.0,0.5535435740478339,0.26701539541959407,0.3612597553564734,,0.0,0.3995475165014683,0.3475426569827822,0.39870355832579796,0.5520665726543228,0.2922519862055463,0.5844045257648058,0.30403142179681697,,,,1.0,0.1574267329852388,0.24413685001407376,0.3494629127820449,0.1845845559705092,0.588813995891537,0.36994325954106244,0.5333814087783049,,,,,,,,,,,,,,,,,,,,,,,
26,1,0,0,0,0,,0.7806783010051225,0.46034455762224447,0.1583065326264623,0.8067213653722707,1.0,0.9556396672890334,0.3998581785013169,0.41145472112526016,0.3338560683236051,0.5610105404776757,0.7127803183847742,0.9459051592155265,0.8362676714661821,0.7548113438562978,0.8442739780084343,0.48276447893392865,0.9150490159413769,0.9665086879383841,0.5364268896350806,0.5691488858121246,1.0,0.931714911350357,0.932637914068931,0.9200559234067769,0.6321223534357234,0.7974193775518612,0.2587877070251575,0.45642916025474395,1.0,0.5583330891066755,0.47908049573785827,0.7395838011651278,0.65261267953709,0.4179968199530467,0.3121110290076958,0.5427288531510276,,0.6254325630060764,0.7218797617167898,0.6515349029133536,0.8783674592828588,,,0.9184677171929425,0.4376061793455911,0.6460308659999613,0.47539136880964206,0.1557619565519862,0.6922335357224267,0.8823463690855807,,,,,,,,,,0.9209221246714306,1.0,1.0,0.6590549992127737,0.4923137016683758,,,,,,,,,,
27,1,0,0,0,0,,0.7570847088992887,0.02677075198476563,,,1.0,0.49919030790363905,,,,,0.5493403726507535,0.009825641049208661,0.2878143207635544,0.5890421837373286,0.5652997988903278,0.1251509483099423,0.2703149478918274,0.4109190450159007,0.3644457350169802,0.2908736179981667,0.3533992584825473,0.2892966304622842,0.6526201956741766,0.45485084106256324,0.7593709537019544,0.3750774200128707,0.3232486628749387,0.21954224790859306,0.7419308572849406,0.49533710482673854,0.09011377138097496,,0.16509192731269387,0.29644103323979853,,0.26939923922864767,0.35131731873890254,0.33565740884976936,0.49492628124348204,0.3617156434965261,0.5057727106896067,,,0.8683234366482431,0.1673908723604145,0.7625347106947421,,,,,,,,,,,,,,1.0,0.6528729180192979,1.0,0.9864176735472335,0.9900132874749105,,,,,,,,,,
28,1,0,0,0,0,,0.8569458991585354,0.937870342083021,,,0.19681952667063587,0.7322230747518552,0.729319234546805,0.2305012765122809,0.4728391454594528,0.777218798171319,0.2981733238519724,1.0,0.8121573405588558,1.0,0.9014728488697015,0.13695768271945158,0.9109050399826647,0.9704197139755252,0.5756725111601904,0.6221739022719803,0.943855178631444,0.730744449433269,0.29897136104564237,0.7519436124280146,0.6660852225853312,0.7263287277961112,0.44504947819502994,0.7668673368114917,0.9830697656038287,0.22961853319446562,0.3177937340813099,,0.9400289431298203,0.4605590443144023,0.12071549035210682,0.6582060716211524,0.7283083534463807,0.38151147916225286,0.4804250115425627,0.9403991141028418,0.19193219908437453,,,0.6892519123481905,0.9660056321404002,0.9245712267411607,0.9433674934974287,0.3973327093521536,0.2946517464486504,0.6392614577957292,0.5475573390230654,,,,,,,,,,0.6042019610509698,0.8724938267266007,,,,,,,,,,,,
29,1,0,0,0,0,,0.7627532464093122,1.0,,0.7300425135013273,0.5771497019040175,0.959912879499734,0.4422796603515687,0.8617976553623276,0.8074401050325006,0.5036106382159384,0.881886408262077,,0.8191029348277226,0.6309606801205534,0.5330827024012867,0.8703099212544062,0.7084484852654905,1.0,0.76315801691496,0.5526065794146383,0.5821319841353029,0.7173333966514474,0.2997239283844093,0.9907361157401945,0.8875233453196386,0.500282387806247,0.8489833919186625,0.3093874557294499,0.9576854792424698,0.7322874485509163,0.6429162156030882,0.41742536935203545,0.577900088788637,0.0,0.2371090426922471,0.48475898669116324,,0.3665045603260894,0.8692959211766024,0.4643196139974208,0.24841375988193234,,,0.8127655785755802,0.4761512733006794,0.812936267124999,0.4035785009852356,0.0005495508445468311,0.6399990859211443,0.24911206932817492,1.0,,,,,,,,,0.05780211365607052,0.0,0.7677103591445471,,0.6153365403736644,,0.0,,,,,,,,
30,1,1,1,1,1,0.1622240237827901,0.3597920190951004,0.3043466194753904,0.30078118717232905,0.12592346695004747,0.1502005990035108,0.5468877727196946,0.6207673564939687,0.49686658984785015,0.911680305087144,0.48866752550002923,,0.8021498661479265,0.6573146967489274,0.3956813775171628,0.2254986457926452,0.7778561915846434,0.7518515141644329,1.0,0.35827289026779546,0.047254770819332895,0.6434485600490326,0.5327251494430425,0.6202868858433959,0.7026014804717391,0.713320532150517,0.571438910392333,0.4775267088980713,0.6028618585334856,0.4252555148674406,0.9142510072389171,0.8043729720440437,,0.6371816690973875,0.39233554244550034,0.43664464733330727,0.4489750963075958,0.3478887543380126,0.34614716017371294,0.6426642863415366,0.7682176980259947,0.4784137311296419,,,0.7908790398213766,0.49918656443982157,0.633952431039648,0.6632489012126648,0.0,0.3781673811545666,0.45806056808980194,0.2775917245328443,0.5568658334085419,0.08959720732432193,0.19590087729597802,,0.8279255902963553,0.5124884291438969,,,0.9999695176542572,1.0,1.0,1.0,,,,0.14135847358480208,0.2587186944451394,0.0,,0.77133114024491,0.4405837512861104,,
31,1,1,1,1,1,0.3659106551621681,0.3301105818923751,0.5213947788585431,0.6681601316193179,0.5046249899993247,0.7406461293930525,0.6343734693535692,,,,,,0.7006563107846168,0.6786542380371803,0.6754667002738496,0.7196003059938298,0.7138020393072135,0.6501277399544826,0.769979514510124,0.3526466045176625,0.4342890314950532,0.23086823619843339,0.6922456841157484,0.5847700120011856,0.0,0.42152434583402976,0.31153730495922377,0.48990589380580984,0.604904750268885,0.4908204678490035,0.2776295954448914,0.5200781681166649,0.9383663418578551,0.27501897943342407,0.22624128342846567,0.5229951987450245,0.5742189895567248,0.38436691427056385,0.7024738698942032,0.26892454867227594,0.7831429628068607,0.7533457941675146,,,0.8850669231006557,0.35509686913104604,0.8879315788416532,,,,0.5850029132740904,1.0,0.8397467422666625,0.5070305110381814,0.309306434600347,,0.3818925851603619,0.9940040139619006,,,0.7924950576568334,1.0,1.0,0.46872054874819274,,,,0.70498387056049,0.4006270592132478,0.13867964702702934,,0.4012497006393445,0.6556713418010066,,
32,1,1,1,1,1,0.5730096145449379,0.5561185838008811,0.5193916155251191,0.5749601361613284,0.5412704425275942,0.6880257692769838,0.8313211441266769,0.4947897076576367,0.6039018994639215,0.6496033140581398,0.6358841941923821,,0.7891196972744231,0.6179178516174331,0.5998641795888174,0.57556057002872,0.5704192220567642,0.6267683647676029,0.6227957588138073,0.5103279108452597,0.33506205866223426,0.6399144928754692,0.316210225970622,0.7175363597755142,0.7501288369230089,0.6320296091048065,0.7445683683372344,0.5378685501731351,0.6594402512590242,0.6825938147191587,0.3521405726831257,0.6462178501101924,,0.0,0.18889499881196645,0.17019448169822382,0.17896866788872212,0.551532107475347,0.5724266944715074,0.25296459638080865,0.6369094903318735,0.6425489279371664,,,0.3629245206537777,0.029268026327287366,0.48083836311131395,0.3407376109889831,0.2006417898972642,0.7635288669082534,0.22223812428353612,0.37660513893121184,0.043329618536675815,0.0,0.2857350930565238,,,0.4158265115852822,0.3891710295944558,0.0,1.0,0.6670923254624601,0.6013842090454923,1.0,,,1.0,0.04613423522517107,0.038488205931207095,0.6321709311174941,,,0.6029365465251032,0.34995155394071153,0.0
33,1,1,1,1,1,0.3778724171374374,0.5447622385100162,0.715421716999533,0.7687348194358169,0.6842970864064563,0.5809109445655409,0.6695651626901793,0.6332832001077077,0.6778070659968606,1.0,0.7448567709390072,,0.6634060082307023,0.6172260794396309,0.6875093819279212,0.9233087953413427,0.45762319355800013,0.6476733880467269,0.6444436261516757,0.32586946494296726,0.4575457630155842,0.6359898787335453,0.5746043684811066,0.3431800735452411,0.6456085295052298,0.5615157448775754,0.42685167944788316,0.3523433065668837,0.3292770226369501,0.614914342629165,0.6004421472633059,0.5320882084244432,,0.3077484861976494,0.3773041974556014,0.5656074414974727,0.7156835024303657,0.6232564753410037,0.5310894001169615,0.4553846662395726,0.7694527928897108,0.13076118011158852,,,0.7315504496366954,0.3543130788616445,0.9454290991209767,0.2780845033409238,0.04420437122055079,0.46901010655476383,0.4215819512168937,0.4697500241999023,0.05053586115397989,0.2824512181558179,0.6364158451004823,,0.362804311569562,0.0,0.21647591357248766,0.27649926536898256,0.7170832677018917,0.9955916453236292,0.9306663534751622,0.9906127783125876,0.5954164006826438,,,0.10452045176610518,0.13098833478941457,0.648419015813226,,0.0,0.4305137545593124,0.18662363058176873,0.15332908759940073
34,1,0,1,0,0,0.4132054293860442,0.5826301338254654,0.7254507300831414,0.5321741737731748,0.8133988609176593,0.500964059711333,0.5045618372688726,0.47270111169159057,0.7291904888900433,0.8187727797071005,0.8214232726982188,,0.7348391964931384,0.5260724307296663,0.9255771887148094,0.6042126866543371,0.27136147785215664,0.6684936486533662,0.3834036796964653,0.46487337537878776,0.1694414638658701,0.62729095297369,0.4956232621277197,0.38316677287167344,0.8313179357972806,0.09447222937604924,0.25369921226932973,0.45384586689085105,0.4105567618337022,0.5069365134591155,0.28862539104125556,0.33950329465394913,,0.19350504966748067,0.7470577846817426,0.5390441489496994,0.8052458741575604,0.4353454151287828,0.6430660327891529,0.2447216396461675,0.5672525461880777,0.27612511774836995,,,0.7065724476430583,0.3715229548175881,0.7052919944485672,,,,0.6248925790165111,,0.38773954700215313,0.48352940682864987,0.7655219604528709,,0.21646819647450904,0.23132710220909103,,,0.9396776976183543,0.8685983608954485,1.0,0.2543444538445016,,,,0.2751407679128307,0.48967894241648924,0.5131146540141208,,0.46111811952308945,0.29922693898894615,,
35,1,0,1,0,0,0.09587613607184214,0.44920951747794446,0.5200352000141948,0.42546866267042116,0.40116632222082627,0.6239400412539308,0.4755550891703744,0.5631953266287015,0.7063299718899697,0.7838061998939796,0.5188233528029361,,0.4846142925724472,0.5128570635716302,0.7044157644426078,0.8169155642640546,0.5816907326107292,0.8559807801025752,0.6575389706024078,0.6847718576464343,0.3074441468504232,0.5172101143441421,0.3316431097391206,0.18873952130363955,0.7707297207732299,0.529627005263575,0.3792666640609611,0.49517175986339235,0.43321719905299044,0.9487995286615091,0.5244272684196487,0.604218903122603,,0.4626497426861538,0.0,0.351153775509079,0.19190371021076652,0.7023733894734752,0.6826981200632762,0.5858901927105227,0.5127099832918193,0.3500454626113789,,,0.9144801587626259,0.2820271877309205,0.9292774176069218,0.6106159544338525,0.0,0.861134889631269,0.35866194396832496,0.0,0.06639398809387967,0.407173663815795,0.24724465862091405,,0.2588671849756771,0.0,0.011952569252062725,0.378844872246645,0.972779505965176,0.9378996809957194,0.8504174543788411,0.8976254157429107,0.6283186084324458,,,0.5873114229588526,0.7406034185066694,0.1723878212293194,,0.24521348485079464,0.3356358638474777,0.0,0.14586793408086177
36,1,1,1,0,0,0.025306039127356312,0.014045494820842101,0.018887609682622212,0.35332552431063824,0.5596786935768197,0.45874495533440524,0.32438486642226777,0.16230063848248427,0.19622582525480176,,0.7597083258326364,,0.7932699156233664,0.34951221320906944,0.37946611855280277,0.3936217159299467,0.0,0.18992264686404658,0.538676440307063,0.12749613724231407,0.0,0.6503276825116762,0.11195745147166537,0.19499553254442997,0.5445999058496077,0.583579404936621,0.6152245329622066,0.10465405965024258,0.0,0.33110099802824405,0.47566990558541344,0.5020192433734757,,0.45134002652661553,0.4314781921690939,0.12102934117650146,,,,,0.39604546833633103,0.24901393612227382,,,0.879689024972792,0.4225555897372053,0.0,,,0.1993350298564225,,,,,,,,,,,,,,,,,,,,,,,,,
37,1,1,1,0,1,0.3719926998378047,0.39545644256641055,0.5233191780442866,0.6201230080241613,0.45078114539551456,0.7078346821577155,0.48888842362126494,0.525191945367282,0.7039987786391861,,0.5924791774704443,,1.0,0.5223916915287794,0.5440614261839327,0.2793505095873825,0.4597527181549016,0.4309847677072518,0.7736167145896026,0.35098657694985913,0.5392711561044298,0.6984537563119252,0.6084782086657148,0.8698337233294252,0.8745961169516396,0.8531305381680604,0.5011937399963285,0.588059162986899,0.5605971214651805,0.8308661446633641,0.42799875011727173,0.5830743625003142,,0.5004675041870388,0.5104659294314656,0.5516014315948371,0.5991090812366869,0.9494201520140929,0.7933645847388362,,0.6510746141894019,,,,0.7886925533696706,0.5313082797641046,0.4391814344039103,,,,0.04984665783264199,,,,,,,,,,,,,,,,,,,,,,,,
38,1,1,1,0,0,0.057072378234058474,0.0,0.09321298509681292,0.44707006033480223,0.3012564777116741,0.0,0.08146723631708538,0.41187461340812803,0.46516077962622043,,0.4191855826215517,,0.9683873958871458,0.5040663119374407,0.41549305129706265,0.3248408108149586,0.5282358479757411,0.7332717587273443,0.37111464633033203,0.15574345503343512,0.0,0.5017574155125335,0.5794270837604636,0.30757012552160296,0.5713216718818774,0.5563489520200889,0.6604527618490068,0.018122796538724922,0.4664005153172581,0.3624799404585612,0.3465103036641769,0.160294388017578,,,,,0.6244364896374238,0.467143675922417,0.23355041834095172,0.29433279040732874,0.09790618355041292,0.3817489068599712,,,0.5403655798104856,0.47478690927307377,0.03996963237875044,,,,,,,,,,,,,,,,,,,,,,,,,,,,
39,1,1,1,0,0,0.5604644860897834,0.6765260848847457,0.6491627028201344,0.9061061332748964,0.4124329110199234,0.6929439072041489,0.8687092029957302,0.5515591618676989,0.3830364484225316,,0.45905926251619106,,0.7974000706880442,0.64802815134691,0.7837070281728049,0.9228729227225638,0.6154934215138864,0.9938631031979257,0.6047542041734244,0.9737334059922982,0.49958822462306707,0.7593758160658088,0.522507983907861,0.8077312633601026,0.4842384114570969,0.8401969421200519,0.7235529778779157,0.7267646221257331,0.7629340934079423,1.0,0.6143019089172929,0.6161621865747728,,0.34474344840332966,0.5341388389405309,0.6236916148546012,0.8238385913998024,0.36794188423200436,0.7421801044316498,0.5973776817708696,0.5738317664307441,,,,0.07313949123638962,0.1130758126292432,0.5576641849486753,,,,0.985838059766147,,,,,,,,,,,,,,,,,,,,,,,,
40,1,1,1,0,0,0.4418607585800204,0.20231902896363715,0.6276721614545291,0.6793000612788374,0.6436088166973808,0.36103276514905835,0.7504753260501675,0.3753916785590737,0.38565090616524755,,0.51110228139643,,1.0,0.7300511531464611,0.5696151480965381,0.7059584478025359,0.324049209290428,0.5566406485135319,0.3711728841273023,0.31760405320905505,0.3261359825494913,0.3948292639333799,0.07318527281056475,0.4760358940043996,0.7483896169564667,0.6822128481343348,0.5207570966898344,0.5832152916123402,0.5669730285340585,0.7613115704707321,0.7369792337510779,0.26682454145441403,,0.33407716048181163,0.5970418967636405,0.5268594270280107,0.7167723862715997,0.9681271055669172,0.7725221463316883,0.0,0.25044335768641124,,,,0.9049847371872132,0.741784271746748,0.40181852987065825,,,,0.28142678311931063,,,,,,,,,,,,,,,,,,,,,,,,
41,1,1,1,0,0,0.8869089237353542,0.7092485170166674,0.9476436964380165,0.9377862603549209,0.9380183928924186,0.9364159166555323,0.9380896187519994,0.5160305622281847,0.6966160857268445,,0.5233645497208305,,0.9891093303673458,0.8757646104385491,1.0,0.816032284772554,0.411130479839931,0.9440424034261895,1.0,0.6513189493506202,0.7437436400582961,0.9107133061918894,0.34764938463528894,1.0,0.9524823319992107,0.744224537167211,0.5965278178018548,0.9237835462228925,1.0,0.9743517764314594,0.9767691753213003,0.9216372094166537,,0.31354685926827164,,0.3516550710718911,0.8165082443873442,0.5899572976630295,0.653807315568763,0.6953883959372564,0.6932676180437859,0.47806719260486374,,,0.6220917876123371,0.0,0.9141954193886678,,,,0.45907233695273975,,,,,,,,,,,,,,,,,,,,,,,,
42,1,1,0,0,1,0.24191946804695136,,,,,,,0.6615507318945868,0.34842266092203195,0.545559936990093,0.48895948687742713,,,0.7404910143239667,0.7037408719662324,1.0,0.6514336123954727,0.777020503987335,0.6839855393470803,0.5163579322384788,0.32884508062475987,0.49277694733809685,0.39336516044876907,1.0,0.6080986970722857,0.7185673541435506,0.6485332758289222,0.3538585004192486,0.5043037272145365,0.6775881872312167,0.48329327175139936,0.3090084907631592,,0.5498998009925185,,,0.4571386542834639,0.6968181805140938,0.5466340830760081,0.13453474440010976,0.9560552181818425,0.835752294870302,,,0.7294233138148831,0.16964473450772305,0.7678476355363244,,,,,,0.38395680859505854,0.7408651061473075,1.0,,,,,,0.0,0.9800411427911053,,0.6617843664343325,,,,0.4216861525470594,0.985640763415041,0.7400923217429265,,,,,
43,1,1,1,0,0,0.8915191781230075,0.8512510712853455,0.21156638331031116,0.7750940751343568,0.8716261483506401,0.64067470983924,0.6724258923276334,0.2816499095769197,0.2002285622133375,0.06870581683387354,0.6377875095164959,,0.5696377476208754,0.08129645351552439,0.26463458202968837,0.6463225483398745,0.12018237927655487,0.5584717529145302,0.6462806109173109,0.7454889235187333,0.5767077865565997,1.0,0.7273702430373392,0.851029839075732,0.6512591798717318,0.3323120653093974,,0.7355865016243451,0.6248020037567805,0.7109197316276695,0.48563389397981566,0.23138406817830365,,0.32438945012158654,0.4736219554217522,0.6496104297287046,0.6301642517094461,0.5532111762698135,0.43551806070563664,0.10400565729925398,0.3472552572998471,0.47326827181357256,,,0.5760101771736583,0.2704132264219636,0.7089726897924244,0.24719124006198215,0.2867770555177161,0.45771440304044886,1.0,0.29839880718832323,,,,,,,,,,,,,,,,,,,,,,,
44,1,1,1,0,0,0.5486877041590886,0.615468572621609,0.711616040871644,0.6038025461532228,0.35497198774625316,0.9710052710769284,0.7007746812882601,0.506782125194174,0.39170169379980224,0.5601908220256547,0.7601653671877949,,0.5626863575398224,0.56757676462343,0.620083812393942,0.387311002043933,0.4772987370231544,0.5935382988382913,0.34899155746360727,0.1872858723560058,0.0,0.4321479051943697,0.43857925756815797,0.4697458748676694,0.8251291199496187,0.5875659044785688,0.3466321451054581,0.3716005193568479,0.6344714697317619,0.44929127914008754,0.34302526791404747,0.14346809278276362,,0.04813283742951365,0.6065604744466929,0.5292752674772777,0.5718733763140785,0.5574045261891403,0.38053383333346813,0.5946637138661441,0.35466898189981616,,,,0.6285101210324411,0.9912826160009022,0.3386449955498504,0.06306048372383445,0.36061283004955963,0.6155587711445712,0.6643099308881567,0.02745964738148421,,,,,,,,,,,,,,,,,,,,,,,
45,1,1,1,0,0,0.06585115570707016,0.34874373823897836,0.41310471741393684,0.332912143072537,0.14496197346092748,0.3098717810015622,0.2153283593926139,0.0,0.12642866774881087,0.5848423591823977,0.2218933242508043,,0.1785659429414445,0.24539456154419284,0.5340992961429816,0.4274011894944237,0.033485820369970644,0.5695119861915722,0.21097258457626464,0.17805675053213363,0.036114866144722,0.2595035950825931,0.05655183005189433,0.852569235906308,0.9536887244155007,0.4881448819620449,0.43534591228615416,0.2579226582859433,0.0804304669432239,0.24104445598228663,0.4495383085216088,0.014870170613679512,,0.33936739402351335,0.0,0.3903662276973954,0.5161217808325749,0.1883983449576851,0.43912945173429097,0.4894534364117794,0.4091473036194502,0.007573339292363648,,,0.5473554052109748,0.4367579680882405,0.5055109891103194,0.30154617330549705,0.3548731119182534,0.44876251777528725,0.39763414663222335,0.48270256596793165,,,,,,,,,,,,,,,,,,,,,,,
46,1,1,1,0,0,0.631659537116591,0.6757240792107557,0.694823365436425,0.6786116962789778,0.6133376572179474,0.6088800098945693,0.0,0.8555738886116663,0.42482803876571806,1.0,0.889303475377453,,0.6177845861902811,0.6967524381291971,0.5421194620135177,0.6418779628148947,0.07043183605620401,0.8935516271369752,0.546119162363393,0.3536850606989407,0.4648403181469063,0.5550347772000594,0.7620128120748787,0.7495802534967357,0.9537175794769488,0.6705940980528196,0.0818112847388921,0.46941669181576995,0.8235544858098897,0.36925705172596,0.4719642858523774,0.0,,0.20242119054883223,0.5035624411915427,0.44531361893006494,0.6973516349308345,0.3463711317312772,0.12273580200617809,0.5527669189139287,0.4236599359903832,0.4226106738916976,,,0.8326246101657412,0.23237603211515565,0.43073542736602677,0.9739216252017829,0.4296427843327528,0.5732074993094214,0.41333729959336124,0.31898392397943265,,,,,,,,,,,,,,,,,,,,,,,
47,1,1,1,0,0,0.6320468979290378,0.807589276390618,1.0,0.7439311534599787,0.8313307300313633,0.7545926209735409,1.0,0.6776191091955457,0.7003330471228928,0.9637613779909349,0.9537664175906386,,0.5262594742074961,0.549797286979825,0.6562415889998408,0.526263852783017,0.17084414586143426,0.8074994898575565,0.9246474264580871,0.8371215700633816,0.6051982989530212,0.6367811603882293,0.7195443645437796,0.7834006451318049,1.0,0.4829141086708956,0.4067904756225218,0.6929020312378631,0.48517048026143744,0.6037190276473127,0.6156952311365519,0.7447743468180273,,0.7156045499582484,0.34140745824463625,0.5377183510481613,0.6686391860111168,0.6795584501018473,0.0,0.3295026804619695,0.435727262230779,0.8293384716956868,,,0.5613645294967363,0.6453105014166609,0.7438996605351231,0.40446681576823856,0.4905579262456066,0.3034141512907932,0.07899601658097266,0.530549668559097,,,,,,,,,,,,,,,,,,,,,,,
48,1,1,1,0,0,0.6184949095569447,0.5364262630679054,0.8110616168475111,1.0,0.710533313929474,0.7725035588048829,0.639213404115273,0.844890924899815,1.0,0.858121543151806,0.732546460769087,,0.5502642802304731,0.7146596032565126,0.5471863620696293,0.3666260779586443,0.2167237388631169,0.8061530581575593,0.9456381516404372,0.6229339002205312,0.7785239648743166,0.9755852637894432,0.5317300929073592,0.8984040884022384,0.987439522919022,0.8710185171246366,0.5826368534953397,0.7576950898399848,0.8969925918760442,0.9344501699180311,0.8932448773705374,0.2911431512807185,,0.29954990399729836,0.902650101410528,0.3978693033774914,0.8275142214511042,0.4421320607373764,0.727846725959633,0.4973634673511177,0.9296648842498173,0.5917500598541684,,,0.606620754583348,0.638732184075765,0.9021207505566976,0.813158812280422,0.36665271049208636,0.9746100163584345,0.8779684035295268,0.4302056520372446,,,,,,,,,,,,,,,,,,,,,,,
49,1,0,0,0,0,0.5911087481531744,0.34257709439566875,0.18634409204862543,0.47869363394668935,,0.5997215428187179,0.4899823409367817,0.22971675214537104,0.3237072461819322,0.0,0.39640287464144175,,0.8398499374615229,0.5659313238346957,0.555531156069946,0.7088835026343923,0.6752702199376517,0.7684807399913536,0.6155036793187947,0.18539014351017175,0.36829420249910083,0.6332220175812046,0.5494587012166938,0.4879284603128399,0.7743107776139393,0.7766406530354587,0.6241555668872606,0.6863254039991806,0.34603768214716163,0.9267639882377994,0.6758955979424282,0.562003524661888,,0.321918117781117,0.6830107550594651,0.11923876407979545,0.6091698274729983,0.7952946603039777,0.3154179550732956,0.7737576263830557,0.36061756375460785,0.5632300438195336,,,0.6280572024054014,0.36171199407741933,0.5044315861977033,0.45586613012274535,0.0,0.6144793706886493,0.3592701176791119,0.43178805961085087,0.1522945524659162,0.02269289264152597,0.0,,0.006788559451125192,0.2624829392189664,0.22032965105291838,0.043231347436088446,1.0,0.8973674487215407,,0.4357657918431623,,,,0.1780952867810752,0.0,0.08961190125417708,,0.053475843419711885,0.06771978803566538,0.1131232197316071,0.3698433013506447
50,1,0,0,0,0,0.15963762478294957,0.378457903881823,0.6125881358451649,,,0.35007687918601554,0.7065584205147601,0.47292463075856045,0.5174525474444925,0.26288523966351224,0.7723550140344388,0.5708988443304597,0.4969295822261109,0.5372811960680565,0.6176325023411756,0.8334165019595445,0.005176264181947693,0.4723835664451488,0.6870688869960977,0.5631404727109437,0.7428042390160625,0.4424219153527222,0.7153944205970562,0.4712227325907428,1.0,0.5607940800875908,0.39370276757754763,0.5157152008724787,0.4692294493011222,0.6352314211741728,0.7063352323148682,0.5484398942487247,,0.11501529257398446,,,0.44558180967313926,0.6276337734761525,0.9284075617701685,0.8223907718138554,0.5894845888630597,,,,0.6315303370101228,0.43602964296276703,0.5389168849943318,0.23450051682930356,0.30517545300939086,0.0,,,0.25225027010540163,0.10685359446220061,,,0.48116456449935624,0.5579129542904637,0.38369972021207555,0.3811550981156212,,,,,,,,0.13143837834389557,0.261452295601694,,,0.8806357557884911,0.8889770436851255,0.8787837206932358,0.09129345849193593
51,1,1,0,0,1,0.06222025068116055,0.0,0.3624004838892576,0.44860932339547793,0.12491613295779927,0.704645834142026,0.6612518071456067,0.6406992647888892,0.7334214092508415,0.10569572694143765,0.6121548581689932,,,0.24108016523833092,0.44596629552152933,0.6978393638745859,0.5807878724123812,0.6338886485285062,0.4867399036024877,0.3776396102803238,0.4939193823839911,0.5920413973499203,0.544091624570163,0.43009264144137016,0.8868069801732497,0.618495508657648,0.8576827216636489,0.5256085304224859,0.6417931622478572,0.4518705875711967,0.618084781547284,0.26055291738631325,,0.33179232177007817,0.6216194001403613,0.3736702836534459,0.3652503874332853,0.7414702891181234,0.04030117316280821,0.5482231797968843,0.6587367792533813,0.6634383859663844,,,0.6060226258331486,0.7990161040756683,0.7395208477119113,0.2104938612404515,0.33356780132573716,0.2985670015210191,0.43324367432096983,0.7881090563243528,0.25983236782092706,0.0,0.10824765648047534,,,0.572846045780042,0.22259863559836726,,1.0,0.8134396817939229,0.9408877411927544,,,0.9263094782644775,0.0,0.19149228249457487,0.23741358761389347,0.20531970009882408,,,0.41245064635696826,0.19176345015293708,
52,1,1,0,0,1,0.32739454926131306,0.47634211827792383,0.7956140296507204,0.5245534775915173,0.3620190202728023,0.6742652691641877,0.45271258495194744,0.5216173403738174,0.6006224783436559,0.7144197882438503,0.6844657426379871,,0.6097760418665099,0.6985868000891664,0.10196758005402579,0.7852454116625734,0.5242791605313889,0.6805526878604905,0.9181328577770587,0.46714867321712567,0.4147397575811281,0.7498128259637353,0.23584714175414548,0.656616016618175,0.6631073394650913,0.6317260730025439,0.316348237973163,0.4148527059867903,0.6757177195556658,0.7451262135594449,0.49473478451430597,0.5820650846323756,,0.03844961059632428,0.22183954859693786,0.6876020777270269,0.6774680645473008,0.7124318035975592,0.6696348677113342,0.8277242527496821,0.7365558384767665,0.0,,,0.6260689391481942,0.21240227120533695,0.7099044302526988,0.49353130163037234,0.2853932505455926,0.28332275879498525,0.6092456271263108,0.187124598090839,,,,,,,,,0.12945362874366484,0.5423435744905247,0.5654325674124989,,0.3944388375843788,0.45666046549452466,,,,,,,,,
53,1,1,1,0,0,0.31031725903682245,0.4338514506419895,0.2998972722344041,0.5244311915160349,0.5011156061557571,0.3266522103844841,0.3986477237241782,0.7303277926152113,0.7291379703129452,0.6293091448160664,0.6736639022779695,,0.9179274359355934,0.6928362493280051,0.8630936312122073,0.3487664516830116,0.7413314687001941,0.8033736375820991,0.8823566406616821,1.0,0.4373218348386399,0.4881300236616029,0.4504832000682059,0.49472543435081023,0.5613605570252017,0.5278271089827318,0.52762625548557,0.24181932811746318,0.609976860098845,0.8391204007703612,0.6148807802564754,0.6749308553593062,,0.640987711985259,0.42283798785826876,0.006412439527991815,0.7689544323903253,0.2327220310065352,0.6667738355140765,0.5478100328164897,1.0,0.5410255890987138,,,0.0,1.0,0.3409003457383887,0.698608056009909,0.27080287181313456,0.0,0.5384883318595958,0.10239617048041694,0.0984346598669943,0.2762452438090277,0.19306382588974547,,,0.1047643879613015,0.37148657150463904,,0.9628074897943394,0.991513704533962,0.9143135444712704,0.512829433706822,,,0.8631828937850086,0.0,0.15938971259553128,0.3072382845131181,,,0.17466808602801293,0.1759184819444365,
54,1,1,1,0,0,,,,,,,,0.7001410679067996,0.5020692206957496,0.45047531958813125,0.23643588046687755,,0.5324479874198079,0.4274804966514655,0.5500880528798088,0.3979608465364204,0.20431589046357787,0.8398118452920615,0.6706871253909725,0.33387719730697374,0.4229772880406448,0.6422450894192611,0.5820978664030074,0.4955565925188411,0.5407026027857538,0.4896912682796628,0.488549475565026,0.7474425971585371,0.6171590814791585,0.7180757407963801,0.6610021524416904,0.5725116886388398,,0.25033900325122826,,,0.6902235370860874,0.6051679937083109,0.4091232267078646,0.5775921383070511,0.7194221692975127,0.8545157751934473,,,0.6146965806889296,0.4698178322818992,0.6186576165041258,0.7135076248969713,0.11385422107844453,0.9630240300129826,,,0.3190114866800864,0.7890871916507919,0.006697156435256944,,0.7437731135633772,0.4279626980749638,0.3475921240075642,0.4181038051636218,0.23415632571860864,0.7503735503462597,0.816899728390289,0.8771475882005482,0.8776888907883814,,,0.2661599908486129,0.9193311756329879,0.0,,0.6108670793088156,0.4399783403454207,0.5285911535383693,0.2438802608774595
55,1,0,0,0,0,0.14439872498555587,0.481626538967868,0.5917374475724909,0.453013701890476,0.7128207593267397,0.6202958176326214,0.6156516941985002,0.7857567712369983,0.8031179349874616,0.6921305593999548,0.7475723406540937,,,0.5547206822695216,0.6172856444520314,0.5273403990242727,0.5421423572593117,0.5303485375040432,0.8505463781645431,0.7694193445050153,0.408335017008836,0.6975412887449414,0.8483703467174277,0.7195846250644264,0.7019780672681734,0.4122843608419451,0.09024630628553265,0.41316271834740703,1.0,0.5198856656684347,0.5318550061871604,0.5577938804812989,,0.20337282742625828,0.6985744594164442,0.13595536949609982,0.4939497504475949,0.30694155724637756,0.7035886209155949,0.349132792305095,0.47120652775551264,0.15700147801557596,,,0.35217115847186686,0.34058775109456635,0.45521570909209597,0.9006715926830392,0.3256056424354513,1.0,0.39061082684483894,0.3454351375218758,0.22644469501581088,0.0,0.25371562891257204,,,0.39997297781429186,0.37366457517596563,0.054999353159871076,1.0,0.8000762850797444,0.8098833910185547,,,1.0,0.9808470224647917,0.0,0.36643212185845586,0.0,,,0.34049765220949385,0.3631855999569678,0.1745859030377462
56,1,0,0,0,0,,0.22370023202120004,0.7764437558789615,,,0.5242325446203523,0.40725918081155066,0.7512942799893257,0.8516881198178936,0.44842642067357663,0.8063752487732285,0.504525382947404,0.3094738507404951,0.7630584801122874,0.465741595720001,0.4301603474704224,0.5506926994901685,0.5252977083307891,0.46688349532174744,0.48627761171541245,0.22578057863085696,0.4272889384342483,0.8750581855777885,0.7768523414409484,0.8208530434175589,0.5105682384744746,0.7429372506856768,0.24713771551293923,0.5736961543389247,0.28407925023183217,0.34330575014487863,0.33438020986177813,,0.2597987708814918,0.8528261523282427,0.3493906587082264,0.5726721772548583,0.7770322685297457,0.6453192886822048,0.5304168943252289,0.3348541647952519,0.4180144605488673,,,0.7470218409814451,0.15203624524595633,0.8983343504817052,0.2808608092072781,0.0,0.5331928248081875,0.3347549800160089,0.5241501626252292,0.4424533445859725,0.346249625800386,0.4206392630368459,,0.4639445623524342,0.7881504502760994,,0.13460014836630718,0.9575078813813733,0.6618055829336217,1.0,0.487427168041391,0.0881157818731724,,,0.42045680228616655,0.662238371381814,0.23561930833573583,,0.21603342751181887,0.84123587666674,,0.41244728108039896
57,1,1,1,0,0,0.29597549393090533,0.5544244017406998,0.49258193548375007,0.7342905064112382,,0.3721028723555935,,0.4161163434434621,0.6629412159872433,,0.5517180785910002,,0.7843644419779838,0.2938540547197661,0.7125776624560833,0.5638466616300399,0.30698535253042014,0.5547513030849976,0.33203101460341955,,0.0,0.7325900798792905,,0.03971889325508213,0.9615807311184166,0.47291411885669044,0.4863338597794016,0.6960608366634284,0.8655087237789234,0.6697709578692242,0.1144025816509881,0.258060358708629,,0.35160643031953187,0.25553996528110945,0.14172375857627795,0.6902945694883021,0.5624804456400248,0.4219849091984266,1.0,0.44635882033878493,0.6449864577076602,,,0.7096326957021006,0.3185661158461888,0.6461990455708101,0.6314189779522881,0.3658481873145384,0.3910373797796619,0.22072129686700787,0.13171100638416944,0.18093272626284948,0.0,0.4122221717904028,,,0.3523385061669809,0.34890437120448564,,0.9886471094584516,0.7276359580810475,0.8125773028080258,0.975056773697323,,,0.0,0.28478456265351004,0.44512874289367466,0.3739857271054192,,,0.5046097596441291,0.01628902633304699,
58,1,1,1,0,0,0.5193787829695364,0.20503786278203218,0.7148638377978691,0.6992302586471474,0.6786902037089938,0.7065699820966203,0.3098331894114568,0.0,0.4257237117889146,0.47306276625233945,0.17124838821540522,,0.637170773334335,0.41445752474046116,0.6716481456978104,0.6821481465900828,0.3110292543016439,0.5938534402447864,0.44141487790074463,0.8023557951850254,0.33402615780058964,0.5448092205542678,0.7090469569299757,0.6141406603393789,0.9015083169661685,0.264204384478286,0.11107192760114522,0.18235116443384203,0.5395099089369597,0.6908620870222796,0.5043613974847133,0.3921734084570047,,0.47561085250672563,0.18247985392479255,0.32927020232304577,0.9736702265827298,1.0,0.7577122120708657,0.8689254209254883,0.902985457419446,0.7490040983072358,,,1.0,0.3665482287080324,0.7310905254166705,0.3850664681350085,0.28677111306288927,0.5381214427394991,0.5713546120867222,0.4207507202808888,,,,,,,,,0.07693860491607582,0.7329601405616429,1.0,1.0,0.9684653481936676,,,,,,,,,,
59,1,0,1,0,0,0.5623896605418125,0.6824222425003159,0.8231445153713419,0.8053848916642837,0.6439294970795347,0.8439875161972759,0.7321360747567592,0.39582710074802785,0.4381990752021804,1.0,0.709649832325291,,0.7297033786000946,0.937837267887296,0.5466986465225001,0.48215018879495425,0.24562769773408855,0.5554210432192866,0.5761855515732675,0.5495904263291785,0.022067319363286098,0.5183999371394045,0.6976965254401504,0.6575245123539547,0.39524887095574474,0.6731478049947487,0.41278509860999857,0.589291837063344,0.7654261869635517,0.5068000952013187,0.5877423335111505,0.6609658425832532,,0.3041951531567892,,,0.7494480154925638,0.5233099310782323,0.5033130571307725,0.3180415596107255,0.9152751317908392,,,,0.729494191783768,0.5078474390781351,0.7848433369340961,0.7912875520273366,0.34964022270193995,0.4692575391799156,,,,,,,,,,,0.029753531650650845,0.5294124574438812,0.6981624772190038,,0.43403814302867433,0.46418490653875466,,,,,,,,,
60,1,1,1,1,1,,0.3064922661672135,0.6492540657188566,,0.28445014674707003,0.7004857633619662,0.34417342690692115,0.6130775685549246,0.49316146580554004,0.5443757269874768,0.6447580294838913,,0.5014027736309327,0.5885292586418989,0.7007216094214028,0.6238374942868485,0.43424969937942437,0.6782669921433333,0.5677205010047983,0.33883167120961133,0.576705668341853,0.4199063344420838,0.6136216588812612,0.8278724533075508,0.64231910317014,0.5799312166732674,0.6425785648867486,0.5296558356059919,0.3043072516771388,0.4481410746969749,0.5577122165964281,0.5079511350611028,,0.0,0.5047413997638103,0.32167987553503513,0.3731146939888142,0.727475803392966,0.5230480746330889,0.5016085185897329,0.2768207332502501,0.49567402143520495,,,0.3915883575595426,0.26469963230825233,0.6465158372019928,0.5471644739676749,0.31986547097123563,0.7916884344830882,0.3943220867436166,0.5036543257414643,0.6069247633821923,0.0,0.5791308576615305,,0.0491394758744595,0.3161211082668386,0.1874624926799997,0.1999675667296473,0.6881272963583527,0.5367106627694866,0.9380244531226831,0.030788288939019078,0.47645927419466033,,,0.38616428572406447,0.26084299799460237,0.6769186496482517,,0.4129096089850338,0.7250134583805421,0.6732681022592334,0.2688696611246132
61,1,1,1,1,1,0.1507146411491303,0.400352577652383,0.669987132620148,0.5273746602664001,0.37230701450388864,0.6294806024316343,0.5867264882930873,0.7356206887184747,0.5936048494510856,0.6287278519682543,0.8514759053876918,,0.30253888974997933,0.6996519926767907,0.5027647532818197,0.5139929833195676,0.5750781822356716,0.6846617154562041,0.6189749943440267,0.7279562462194773,0.6231806861452844,0.503467343697495,0.5083467923313664,0.5425063072710534,1.0,0.6973580495339496,0.3936378982293104,0.7795387981431124,0.8876263217528881,0.5456406737884562,0.8372615172636044,0.4937278509667418,,0.5834428013333876,0.5431662965852347,0.5344551562328748,1.0,0.7660917811917917,0.9341401926871359,0.6028802693367284,0.8400347492516803,0.8765508794107364,,,0.37996740599103845,0.6646028486962053,0.8167300823868575,0.6026271858345537,0.20772920607271947,0.5758519097225872,0.6860261721607956,0.4129655838027665,0.0,0.0,0.0,,0.029183842662177086,0.5047969044781501,0.0767001096357634,0.0,0.7493094298821517,0.8160583222526894,0.8599723053289764,1.0,0.979658247568262,,,0.2321847085432024,0.3685672670519366,0.0,,0.30201866594876964,0.3324077340739156,0.21662011225825922,0.13760183119155422
62,1,1,1,1,1,0.682143377486665,0.5220710425649153,0.6179540141693283,0.3435384622894467,0.5194631634951115,0.7583755754129401,0.7559848617190029,0.6535680246258873,0.5261988616259909,0.7227691805738874,0.9864538772767579,0.5683709379214029,0.6701761696628571,0.6939434803441408,0.47509878209267103,0.660245965651016,0.2772040897878499,0.6955575447613069,0.9523874994902277,0.4792700610947326,0.5193107316864677,0.5045307845902114,0.41426016768827395,0.9110657641300299,0.8396540015251165,0.49559243456608554,0.6755312832817533,0.4943043680933598,0.674042116140849,0.3185858255377537,0.6775199916320316,0.412494493251717,,0.3070962307843696,,,0.8482820787156938,,0.6963114529923019,0.21740937115332404,0.6210232038674501,,,,0.424249275175798,0.18858954016020382,0.0,0.0,,0.526353659894017,0.3352742735905628,0.0894466272390485,0.0,0.0,0.5127344560026164,0.026489034840469126,0.2214145305803804,0.4754560681692396,0.9448676457821832,0.3445623905937433,0.07567567990836557,0.725180252727071,0.5711990909341691,1.0,0.32285741553262415,0.5015007962757452,,0.17767960164038074,0.14371802573556627,0.24829336182411876,0.0,0.5410547966891028,0.583141932398448,0.22597928347953863,0.7835445688033198
63,1,0,0,0,0,,0.7249716963754932,0.19946751335599636,0.7434726083170722,,0.718888059323301,0.5417848659661623,0.26527250211358777,0.526273759490938,,0.682988529842371,1.0,0.6317073607437627,1.0,0.6892459661237624,1.0,0.6152207277549717,0.6769315376594374,0.5314078315481381,0.3138834564189099,0.01439257933968599,0.5051349964202081,0.6825603951403968,0.8130585822655045,0.5451158327272235,0.2796088525052766,0.15516782079653665,0.4004228134759812,0.3876931743491224,0.9689010837003316,0.6531573110474874,0.3646195504738772,,0.12599240312936252,0.55254163144913,0.8896012881420508,0.17477800124261206,0.5725361097206909,0.8778802921447284,0.6605447705062394,0.2912273818935909,0.2733299538921995,,,1.0,0.21082786029637143,0.8018714300450527,0.08708134031197748,0.31438263408042516,0.1589046639136964,,,,,,,,,,,,,,,,,,,,,,,,,
64,1,1,0,0,1,0.5393500657030958,0.6216630341156885,0.7247271872044055,0.44574628826260193,,0.4979683092411594,0.5826603238671348,0.3373303287014391,0.5621154067229173,0.7457083209931106,0.7535573819507078,,0.8309977568806303,0.6435508604865332,0.6688009615307637,0.9191841837987051,0.4770410160254683,0.7581206113041805,0.879046670323461,0.4959885619697971,0.6383377934914913,0.5396148319227327,0.48635321437906237,0.33807757330584937,0.8705890338292743,0.4416290157494446,0.3726086561098618,0.5332460975532919,0.529409035223172,0.44613133081458395,0.14819674494607102,0.3954442356227035,,0.253917847268194,,,0.5599812276500067,0.9479778330666168,0.6239247040470743,0.47567376341208556,0.8652669410563469,0.0,,,0.5983506571592349,0.5910907233543655,0.7829723870566093,0.11030962399866825,0.3396292467265648,0.22545370615845206,,,0.694248545800358,0.001617202133597645,0.0,,0.7652985854106635,0.0,0.04094318044176748,,0.8414429587197332,0.8940106746055522,1.0,,0.6852845432292285,0.9144330564838857,,0.41860578620797606,0.6429973517831404,0.0,,0.7066774707188956,0.39748937219915004,0.14625806329356061,
65,1,1,1,0,1,,0.5303953111408618,0.2964911121186371,,0.08787335700068763,0.9286832569144113,0.22751731439587458,,0.5421634509051646,0.5303252538768072,,0.2982138228238049,0.5086880656373546,0.11726669396166939,0.5664088493142273,0.2953603703570042,0.5252230491720559,0.5554086774811157,1.0,0.823394344740206,0.5501679506684238,0.6604616484873859,0.7453365532313088,0.5065428236072869,0.913359906788674,0.1555084676607409,0.6419486678167419,0.496904620069127,0.8521863889889367,0.7515467022351383,0.6673448270729794,0.8080815254130704,,0.33791198166745817,0.15245224130102575,0.2091129164291185,0.7103202710952561,0.5719109162124241,0.9994669847743337,0.6336288291304115,0.6544748244526759,0.25728519171432984,,,0.644111781519401,0.5634292580926878,0.8777925756645184,0.4284152256551824,0.358006098406421,0.45427843893217557,0.06518023230166395,0.0,0.5454786168448547,0.17899124824105672,0.15832964160758445,,0.3637467281480506,0.13533581694180158,0.46501415483265784,0.0,1.0,0.5755242691168189,1.0,,0.8543925532868157,1.0,,0.565474932803767,0.46818118163491307,0.294609313897927,,0.5066199396703963,0.4869024613302719,0.9939693525394695,0.0
66,1,1,1,0,1,0.35560684872609677,0.4108769419146979,0.7567878647744384,,,0.4286458688216443,0.8133533022092134,0.4359954379773066,0.5276162324012923,0.3350906336266727,0.688080453472672,,1.0,0.365351132577827,0.4911647262826155,0.5762556193231304,0.4853683002587563,0.8470162296865952,0.6142708814735589,0.21785825300431824,0.45286794974878547,0.7385077869780484,0.65369352574413,0.7174451368401145,0.7900453912382059,0.5356249017573858,0.22777973272094026,0.08823296841904715,0.4862803432018756,0.7030906144174885,0.589279570804586,0.6791439747531893,,0.33183835736404005,,,0.5987687935281486,0.5676285950479457,0.8765895973054407,0.00907644454394585,0.6127332451106973,0.10758711329665271,,,0.8647062660883218,0.23605216417923575,0.2332430062134997,,,,,,0.0839770110849962,0.38916179055130273,0.13706257799101992,,0.0,0.5833459567145184,0.6277860387655998,,0.7572249916227696,0.9502382341979377,0.8133457029050442,,0.3678002537643743,1.0,,0.3053855977210177,0.6070833448321983,0.5242247322996174,,0.06400170559200735,0.6699894080123153,0.6064196413723845,
67,0,1,1,0,1,,,,,,,,,,,,,,,,,,,,,,,,,,,,,,,,,,,,,,,,,,,,,,,,,,,,,0.35228155822134977,0.18527589812968515,,,0.10680374191390268,0.4455444460701503,,,,,,,,,,0.1893623730900887,0.30833045606524434,,,0.5608940200260031,0.2248546858833505,,
